{
  "matrix": {
    "rows": 8,
    "cols": 5
  },
  "layouts": {
    "keymap": [
  {
    "name": "36 keys Vial (Avocado)"
  },
  [
    {
      "y": 0.77,
      "x": 2.5
    },
    "0,2",
    {
      "x": 8.25
    },
    "4,2"
  ],
  [
    {
      "y": -0.77,
      "x": 1.5
    },
    "0,1",
    {
      "x": 1
    },
    "0,3",
    {
      "x": 6.25
    },
    "4,3",
    {
      "x": 1
    },
    "4,1"
  ],
  [
    {
      "y": -0.875,
      "x": 4.5
    },
    "0,4",
    {
      "x": 4.25
    },
    "4,4"
  ],
  [
    {
      "y": -0.7450000000000001,
      "x": 0.5
    },
    "0,0",
    {
      "x": 12.25
    },
    "4,0"
  ],
  [
    {
      "y": -0.6099999999999999,
      "x": 2.5
    },
    "1,2",
    {
      "x": 8.25
    },
    "5,2"
  ],
  [
    {
      "y": -0.77,
      "x": 1.5
    },
    "1,1",
    {
      "x": 1
    },
    "1,3",
    {
      "x": 6.25
    },
    "5,3",
    {
      "x": 1
    },
    "5,1"
  ],
  [
    {
      "y": -0.875,
      "x": 4.5
    },
    "1,4",
    {
      "x": 4.25
    },
    "5,4"
  ],
  [
    {
      "y": -0.7450000000000001,
      "x": 0.5
    },
    "1,0",
    {
      "x": 12.25
    },
    "5,0"
  ],
  [
    {
      "y": -0.6099999999999999,
      "x": 2.5
    },
    "2,2",
    {
      "x": 8.25
    },
    "6,2"
  ],
  [
    {
      "y": -0.77,
      "x": 1.5
    },
    "2,1",
    {
      "x": 1
    },
    "2,3",
    {
      "x": 6.25
    },
    "6,3",
    {
      "x": 1
    },
    "6,1"
  ],
  [
    {
      "y": -0.875,
      "x": 4.5
    },
    "2,4",
    {
      "x": 4.25
    },
    "6,4"
  ],
  [
    {
      "y": -0.7450000000000001,
      "x": 0.5
    },
    "2,0",
    {
      "x": 12.25
    },
    "6,0"
  ],
  [
    {
      "y": -0.1299999999999999,
      "x": 3.25
    },
    "3,2",
    {
      "x": 6.75
    },
    "7,2"
  ],
  [
    {
      "r": 5,
      "rx": 5,
      "ry": 5,
      "y": -0.7000000000000002,
      "x": -0.5
    },
    "3,3"
  ],
  [
    {
      "r": 20,
      "rx": 6.25,
      "y": -0.40000000000000036,
      "x": -0.5
    },
    "3,4"
  ],
  [
    {
      "r": -20,
      "rx": 9.25,
      "y": -0.40000000000000036,
      "x": -0.75
    },
    "7,4"
  ],
  [
    {
      "r": -5,
      "rx": 10.5,
      "y": -0.7000000000000002,
      "x": -0.75
    },
    "7,3"
  ]
]
  }
}
